Workbook

Sheet 데이터
A1: 회귀분석 ① 단순 선형회귀 — 실습용 데이터
A2: 설명을 위해 만든 예시 데이터입니다. 실제 기업 자료가 아닙니다. (출처: 수업 자료용 생성)
A3: 사용법 ① B6:C13을 선택 → 삽입 > 분산형(XY) 차트
A4: 사용법 ② 점 하나를 우클릭 > 추세선 추가 > 선형 → '수식을 차트에 표시', 'R-제곱 값을 차트에 표시' 체크
A6: 시장 | B6: 광고비 x (만원) | C6: 매출 y (백만원)
A7: 1 | B7: 10 | C7: 6.1
A8: 2 | B8: 20 | C8: 7.4
A9: 3 | B9: 30 | C9: 7.6
A10: 4 | B10: 40 | C10: 9.3
A11: 5 | B11: 55 | C11: 10
A12: 6 | B12: 70 | C12: 11.9
A13: 7 | B13: 85 | C13: 12.3
A14: 8 | B14: 100 | C14: 14.4
A16: 엑셀 함수로 같은 값을 직접 확인해 보기
A17: 기울기 β₁ | B17: =SLOPE(C7:C14,B7:B14) -> 0.088091068 | C17: 차트의 추세선 수식에 나오는 기울기와 같은 값
A18: 절편 β₀ | B18: =INTERCEPT(C7:C14,B7:B14) -> 5.3603327 | C18: 차트의 추세선 수식에 나오는 상수항과 같은 값
A19: R² | B19: =RSQ(C7:C14,B7:B14) -> 0.98282777 | C19: 차트에 표시되는 R² 와 같은 값
A20: RSE (표준오차) | B20: =STEYX(C7:C14,B7:B14) -> 0.40160943 | C20: 예측이 평균적으로 빗나가는 폭 (y의 단위)
A21: SE(β₁) | B21: =STEYX(C7:C14,B7:B14)/SQRT(DEVSQ(B7:B14)) -> 0.0047536898 | C21: 기울기 추정값이 표본마다 흔들리는 폭 — 추세선은 알려주지 않는 값

Sheet 예측과잔차
A1: 예측값과 잔차 — 추세선을 그린 다음 단계
A2: 추세선이 고른 그 직선이 왜 그 직선인지를 숫자로 확인하는 시트입니다.
A4: 기울기 β₁ | B4: =SLOPE(데이터!C7:C14,데이터!B7:B14) -> 0.088091068
A5: 절편 β₀ | B5: =INTERCEPT(데이터!C7:C14,데이터!B7:B14) -> 5.3603327
A7: 시장 | B7: x | C7: y (실측) | D7: ŷ (예측) | E7: e = y − ŷ | F7: e²
A8: =데이터!A7 -> 1 | B8: =데이터!B7 -> 10 | C8: =데이터!C7 -> 6.1 | D8: =$B$5+$B$4*B8 -> 6.2412434 | E8: =C8-D8 -> -0.14124343 | F8: =E8^2 -> 0.019949707
A9: =데이터!A8 -> 2 | B9: =데이터!B8 -> 20 | C9: =데이터!C8 -> 7.4 | D9: =$B$5+$B$4*B9 -> 7.1221541 | E9: =C9-D9 -> 0.27784588 | F9: =E9^2 -> 0.077198335
A10: =데이터!A9 -> 3 | B10: =데이터!B9 -> 30 | C10: =데이터!C9 -> 7.6 | D10: =$B$5+$B$4*B10 -> 8.0030648 | E10: =C10-D10 -> -0.4030648 | F10: =E10^2 -> 0.16246123
A11: =데이터!A10 -> 4 | B11: =데이터!B10 -> 40 | C11: =데이터!C10 -> 9.3 | D11: =$B$5+$B$4*B11 -> 8.8839755 | E11: =C11-D11 -> 0.41602452 | F11: =E11^2 -> 0.1730764
A12: =데이터!A11 -> 5 | B12: =데이터!B11 -> 55 | C12: =데이터!C11 -> 10 | D12: =$B$5+$B$4*B12 -> 10.205342 | E12: =C12-D12 -> -0.20534151 | F12: =E12^2 -> 0.042165134
A13: =데이터!A12 -> 6 | B13: =데이터!B12 -> 70 | C13: =데이터!C12 -> 11.9 | D13: =$B$5+$B$4*B13 -> 11.526708 | E13: =C13-D13 -> 0.37329247 | F13: =E13^2 -> 0.13934727
A14: =데이터!A13 -> 7 | B14: =데이터!B13 -> 85 | C14: =데이터!C13 -> 12.3 | D14: =$B$5+$B$4*B14 -> 12.848074 | E14: =C14-D14 -> -0.54807356 | F14: =E14^2 -> 0.30038462
A15: =데이터!A14 -> 8 | B15: =데이터!B14 -> 100 | C15: =데이터!C14 -> 14.4 | D15: =$B$5+$B$4*B15 -> 14.16944 | E15: =C15-D15 -> 0.23056042 | F15: =E15^2 -> 0.053158107
A17: 합계 | E17: =SUM(E8:E15) -> 4.4408921e-15 | F17: =SUM(F8:F15) -> 0.96774081 | G17: ← 잔차의 합은 0, 잔차 제곱의 합(RSS)은 최소
A19: Σ|e| (절댓값의 합) | B19: =SUMPRODUCT(ABS(E8:E15)) -> 2.5954466 | C19: 제곱 대신 절댓값을 더하면 이 값. 최소제곱은 이 값을 최소화하지 않는다
A20: RSS (제곱의 합) | B20: =F17 -> 0.96774081 | C20: 최소제곱이 최소로 만드는 값
A21: TSS (ȳ 기준 총변동) | B21: =DEVSQ(C8:C15) -> 56.355 | C21: x를 전혀 쓰지 않고 ȳ만 썼을 때 남는 변동
A22: R² = 1 − RSS/TSS | B22: =1-B20/B21 -> 0.98282777 | C22: 추세선에 표시되는 R²와 일치하는지 확인
A23: RSE = √(RSS/(n−2)) | B23: =SQRT(B20/6) -> 0.40160943 | C23: 같은 정보를 y의 단위로 말한 것

Sheet 진단용 A-D
A1: 잔차 그림 읽기 연습 — 네 가지 데이터
A2: x는 공통입니다. A~D 각각에 대해 산점도 + 선형 추세선을 그리고, 잔차(=y−ŷ)를 예측값에 대해 다시 그려 보세요.
A3: 네 경우 모두 R²는 높게 나옵니다. 그래도 세 개는 직선 모형이 적절하지 않습니다. 설명용으로 만든 예시 데이터입니다.
A5: x | B5: A | C5: B | D5: C | E5: D | G5: R²
A6: 12 | B6: 6.31 | C6: 8.57 | D6: 6.28 | E6: 6.31 | G6: =RSQ(B6:B19,$A$6:$A$19) -> 0.95225368 | H6: ← A
A7: 18 | B7: 7.14 | C7: 10.13 | D7: 6.94 | E7: 7.14 | G7: =RSQ(C6:C19,$A$6:$A$19) -> 0.91041561 | H7: ← B
A8: 25 | B8: 7.24 | C8: 10.21 | D8: 6.08 | E8: 7.24 | G8: =RSQ(D6:D19,$A$6:$A$19) -> 0.87287384 | H8: ← C
A9: 31 | B9: 7.21 | C9: 11.27 | D9: 7.52 | E9: 7.21 | G9: =RSQ(E6:E19,$A$6:$A$19) -> 0.72180179 | H9: ← D
A10: 38 | B10: 8.26 | C10: 11.24 | D10: 7.4 | E10: 8.26
A11: 44 | B11: 8.31 | C11: 11.96 | D11: 8.03 | E11: 8.31
A12: 52 | B12: 10.04 | C12: 12.22 | D12: 11.83 | E12: 10.04
A13: 59 | B13: 11.9 | C13: 13.33 | D13: 9.05 | E13: 11.9
A14: 66 | B14: 10.8 | C14: 13.21 | D14: 11.2 | E14: 10.8
A15: 73 | B15: 11.33 | C15: 14.21 | D15: 14.01 | E15: 18.73
A16: 81 | B16: 13.12 | C16: 14.47 | D16: 11.13 | E16: 13.12
A17: 88 | B17: 13.64 | C17: 14.57 | D17: 12.98 | E17: 13.64
A18: 96 | B18: 14.13 | C18: 13.79 | D18: 14.37 | E18: 14.13
A19: 105 | B19: 13.98 | C19: 14.95 | D19: 15.07 | E19: 13.98
